{
    "num_qubits": 8,
    "qubits": {
        "Q7": {
            "freq": 5621010772.789028,
            "readfreq": 6837480075.507231,
            "Omega": 0.3967210213328333
        },
        "Q6": {
            "freq": 400000000,
            "readfreq": 6784240538.174344,
            "Omega": 0.9848129604576508
        },
        "Q5": {
            "freq": 5575283974.1750345,
            "readfreq": 6709045462.840782,
            "Omega": 0.12886517551854187
        },
        "Q4": {
            "freq": 5348852719.493207,
            "readfreq": 6711244901.279781,
            "Omega": 0.3482919033156013
        },
        "Q3": {
            "freq": 400000000,
            "readfreq": 2756800000.0,
            "Omega": 0.9886489701284377
        },
        "Q2": {
            "freq": 4944383311.009714,
            "readfreq": 6658138379.131528,
            "Omega": 0.334704954261188
        },
        "Q1": {
            "freq": 4675138775.442301,
            "readfreq": 6558671869.775688,
            "Omega": 0.48150320341813146
        },
        "Q0": {
            "freq": 4460029188.07884,
            "readfreq": 6100000000.0,
            "Omega": 0.1
        }
    },
    "resonators": {
        "R7": {
            "Q": 3500,
            "resonant_frequency_0": 6836520849.262068,
            "resonant_frequency_1": 6837480075.507231
        },
        "R6": {
            "Q": 3500,
            "resonant_frequency_0": 6784240538.174344,
            "resonant_frequency_1": 6782873568.914835
        },
        "R5": {
            "Q": 3500,
            "resonant_frequency_0": 6708160370.806432,
            "resonant_frequency_1": 6709045462.840782
        },
        "R4": {
            "Q": 3500,
            "resonant_frequency_0": 6709197299.30396,
            "resonant_frequency_1": 6711244901.279781
        },
        "R3": {
            "Q": 3500,
            "resonant_frequency_0": 6698689276.946692,
            "resonant_frequency_1": 6698690000.0
        },
        "R2": {
            "Q": 3500,
            "resonant_frequency_0": 6657029587.25541,
            "resonant_frequency_1": 6658138379.131528
        },
        "R1": {
            "Q": 3500,
            "resonant_frequency_0": 6557557365.594907,
            "resonant_frequency_1": 6558671869.775688
        },
        "R0": {
            "Q": 3500,
            "resonant_frequency_0": 6553826000.000857,
            "resonant_frequency_1": 6100000000.0
        }
    }
}